{
  "aggregate_quantile": 0.1,
  "ceil": 1.0,
  "coeffs": [
    [
      8.215990422328481,
      -22.952721067964216,
      16.512016421130042
    ],
    [
      4.077432808992312,
      -2.863926957856009,
      0.5179987836927721
    ],
    [
      3.9512850550274816,
      -2.833091350325426,
      0.5230876574261627
    ],
    [
      3.435305082446278,
      -2.5238629071236724,
      0.49736127351268367
    ],
    [
      2.4249422741590023,
      -1.7463559904646013,
      0.41198007949402604
    ],
    [
      1.8918270710031337,
      -1.2512542286484265,
      0.3605464174547084
    ],
    [
      1.8564506304477153,
      -1.2132540087915498,
      0.3568012330810915
    ],
    [
      1.8564355804805803,
      -1.2132375612280064,
      0.3567995722302659
    ],
    [
      1.8564356435643565,
      -1.2132376849095554,
      0.35679963285253075
    ],
    [
      1.8564356435643565,
      -1.2132376849095554,
      0.35679963285253075
    ],
    [
      1.8564356435643565,
      -1.2132376849095554,
      0.35679963285253075
    ],
    [
      1.875,
      -1.25,
      0.375
    ]
  ],
  "cushion": 0.02407327424182761,
  "field": "q100",
  "floor": 1e-05,
  "lower": 0.0007895322691183537,
  "mode": "fixed",
  "name": "fixed_lower0.000789532_upper0.999552_steps12",
  "safety": 1.01,
  "steps": 12,
  "upper": 0.9995520710945129,
  "upper_aggregate_quantile": 1.0,
  "upper_field": "q1000"
}
