{
  "aggregate_quantile": 0.1,
  "ceil": 1.0,
  "coeffs": [
    [
      8.246238042490457,
      -23.061595771559325,
      16.607892376041224
    ],
    [
      4.117891790804776,
      -2.8742027585235146,
      0.5165966098909344
    ],
    [
      4.112346184537485,
      -2.872784156567941,
      0.5167827456555206
    ],
    [
      4.089481953492347,
      -2.8669690836996296,
      0.517570365043109
    ],
    [
      3.9978773115772506,
      -2.8442535059839296,
      0.5210732998956956
    ],
    [
      3.620719259055243,
      -2.6561368875541955,
      0.5120953471931012
    ],
    [
      2.6646541959571466,
      -1.9428035783332864,
      0.4332404008659599
    ],
    [
      1.9450876286992687,
      -1.3066598912276628,
      0.3660744608892639
    ],
    [
      1.8566530431540582,
      -1.2134744594192381,
      0.35682284456153723
    ],
    [
      1.8564321588783959,
      -1.2132308528746187,
      0.35679628415038767
    ],
    [
      1.8564356435643565,
      -1.2132376849095554,
      0.35679963285253075
    ],
    [
      1.875,
      -1.25,
      0.375
    ]
  ],
  "cushion": 0.02407327424182761,
  "field": "q100",
  "floor": 1e-05,
  "lower": 3.2444078533444555e-05,
  "mode": "fixed",
  "name": "fixed_lower3.24441e-05_upper0.999024_steps12",
  "safety": 1.01,
  "steps": 12,
  "upper": 0.9990237355232239,
  "upper_aggregate_quantile": 1.0,
  "upper_field": "q1000"
}
